2026-09-18 21:26:55.107939,2633.26310784,2600,28.97
2026-09-19 03:34:19.163784,2620.6648129,2600,28.83
2026-09-20 03:35:11.747367,2583.82349989,2600,28.42
2026-09-21 03:37:13.690606,2666.74373133,2700,29.33
2026-09-22 03:35:26.038275,2734.81897854,2700,30.08
2026-09-23 03:35:47.775957,2765.7828161,2800,30.42
2026-09-24 03:36:07.734712,2674.23933829,2700,29.42
2026-09-25 03:35:27.183923,2676.95554133,2700,29.45
2026-09-26 03:35:35.405802,2688.36252739,2700,29.57
2026-09-27 03:36:09.029520,2695.95824301,2700,29.66
2026-09-28 03:38:52.930162,2652.0479954,2700,29.17
2026-09-29 03:38:01.045671,2667.20895626,2700,29.34
2026-09-30 03:38:09.018243,2672.73611993,2700,29.40
2026-10-01 03:38:50.123039,2689.00559916,2700,29.58
2026-10-02 03:38:31.234448,2716.39101071,2700,29.88
2026-10-03 03:43:12.485295,2679.37870219,2700,29.47
